language,freq2024,freq2025
C++,0.32679738562091504,0.3413173652694611
C,0.2875816993464052,0.19760479041916168
Python,0.10457516339869281,0.12574850299401197
Rust,0.10457516339869281,0.10778443113772455
Go,0.0392156862745098,0.05389221556886228
C#,0.0196078431372549,0.03592814371257485
Java,0.013071895424836602,0.029940119760479042
Kotlin,0.006535947712418301,0.017964071856287425
TypeScript,0.0,0.017964071856287425
Assembler,0.0392156862745098,0.011976047904191617
