language,cnt,freq
C++,47,0.4845360824742268
C#,33,0.3402061855670103
Python,7,0.07216494845360824
Pascal / Delphi,3,0.030927835051546393
Swift,2,0.020618556701030927
Go,1,0.010309278350515464
Java,1,0.010309278350515464
JavaScript,1,0.010309278350515464
TypeScript,1,0.010309278350515464
Інша,1,0.010309278350515464
