language,cnt,freq
Python,56,0.3128491620111732
C,51,0.2849162011173184
C++,41,0.22905027932960895
TypeScript,7,0.03910614525139665
Java,5,0.027932960893854747
Bash / Shell,3,0.01675977653631285
JavaScript,3,0.01675977653631285
Інша,3,0.01675977653631285
C#,2,0.0111731843575419
Go,2,0.0111731843575419
