language,freq2024,freq2025
C++,0.4307692307692308,0.4845360824742268
C#,0.2923076923076923,0.3402061855670103
Python,0.015384615384615385,0.07216494845360824
Pascal / Delphi,0.0,0.030927835051546393
Swift,0.05384615384615385,0.020618556701030927
Java,0.046153846153846156,0.010309278350515464
Go,0.007692307692307693,0.010309278350515464
JavaScript,0.0,0.010309278350515464
TypeScript,0.0,0.010309278350515464
Інша,0.0,0.010309278350515464
