language,cnt,freq
C,44,0.42718446601941745
C++,36,0.34951456310679613
Python,5,0.04854368932038835
Java,4,0.038834951456310676
TypeScript,4,0.038834951456310676
Go,2,0.019417475728155338
Інша,2,0.019417475728155338
C#,1,0.009708737864077669
DB,1,0.009708737864077669
Dart,1,0.009708737864077669
