language,freq2022,freq2023,freq2024,freq2025
TypeScript,0.40272614622057,0.4785100286532951,0.5678571428571428,0.6307053941908713
JavaScript,0.5687732342007435,0.4828080229226361,0.4142857142857143,0.3392116182572614
PHP,0.0024783147459727386,0.00501432664756447,0.0017857142857142857,0.008298755186721992
C#,0.007434944237918215,0.008595988538681949,0.0017857142857142857,0.004149377593360996
DB,0.0012391573729863693,0.0007163323782234957,0.0,0.0031120331950207467
