language,cnt,freq
TypeScript,555,0.6416184971098265
JavaScript,295,0.34104046242774566
PHP,8,0.009248554913294798
DB,2,0.0023121387283236996
Інша,2,0.0023121387283236996
C#,1,0.0011560693641618498
Go,1,0.0011560693641618498
Python,1,0.0011560693641618498
