language,cnt,freq
C,44,0.5057471264367817
C++,39,0.4482758620689655
Python,2,0.022988505747126436
Інша,2,0.022988505747126436
