language,cnt,freq
Python,239,0.746875
DB,55,0.171875
Scala,6,0.01875
Java,5,0.015625
C++,3,0.009375
JavaScript,3,0.009375
TypeScript,3,0.009375
Dart,1,0.003125
Pascal / Delphi,1,0.003125
R,1,0.003125
