language,cnt,freq
C++,107,0.1963302752293578
Python,104,0.1908256880733945
C#,103,0.1889908256880734
DB,40,0.07339449541284404
JavaScript,39,0.07155963302752294
TypeScript,33,0.060550458715596334
Java,26,0.047706422018348627
1C,21,0.03853211009174312
Bash / Shell,20,0.03669724770642202
PHP,11,0.02018348623853211
