language,cnt,freq
Java,342,0.2586989409984871
PHP,224,0.16944024205748864
C#,218,0.1649016641452345
Python,200,0.15128593040847202
TypeScript,119,0.09001512859304085
Go,62,0.046898638426626324
JavaScript,45,0.0340393343419062
Ruby,40,0.030257186081694403
C++,18,0.01361573373676248
Kotlin,16,0.012102874432677761
