language,cnt,freq
Python,42,0.4421052631578947
C++,19,0.2
C,11,0.11578947368421053
C#,4,0.042105263157894736
TypeScript,4,0.042105263157894736
Bash / Shell,3,0.031578947368421054
Java,2,0.021052631578947368
JavaScript,2,0.021052631578947368
Kotlin,2,0.021052631578947368
Dart,1,0.010526315789473684
