language,cnt,freq
Python,51,0.6710526315789473
C,7,0.09210526315789473
C++,5,0.06578947368421052
Bash / Shell,3,0.039473684210526314
JavaScript,3,0.039473684210526314
TypeScript,3,0.039473684210526314
C#,1,0.013157894736842105
Java,1,0.013157894736842105
Rust,1,0.013157894736842105
Інша,1,0.013157894736842105
