language,cnt,freq
Python,11,0.5238095238095238
Java,4,0.19047619047619047
C#,2,0.09523809523809523
TypeScript,2,0.09523809523809523
Bash / Shell,1,0.047619047619047616
JavaScript,1,0.047619047619047616
