language,freq2024,freq2025
C,0.580952380952381,0.5057471264367817
C++,0.3333333333333333,0.4482758620689655
Python,0.0380952380952381,0.022988505747126436
Інша,0.0,0.022988505747126436
Rust,0.01904761904761905,0.0
Go,0.009523809523809525,0.0
LAD,0.009523809523809525,0.0
Pascal/Delphi,0.009523809523809525,0.0
