language,cnt,freq
DB,180,0.6593406593406593
Python,65,0.23809523809523808
JavaScript,10,0.03663003663003663
R,4,0.014652014652014652
Java,3,0.01098901098901099
1C,2,0.007326007326007326
Groovy,2,0.007326007326007326
SAS,2,0.007326007326007326
Apex,1,0.003663003663003663
C#,1,0.003663003663003663
