language,cnt,freq
Python,159,0.5063694267515924
Bash / Shell,73,0.23248407643312102
PowerShell,23,0.0732484076433121
Go,14,0.044585987261146494
DB,7,0.022292993630573247
TypeScript,7,0.022292993630573247
Інша,7,0.022292993630573247
Groovy,6,0.01910828025477707
C#,5,0.01592356687898089
Java,4,0.012738853503184714
JavaScript,2,0.006369426751592357
Ruby,2,0.006369426751592357
Rust,2,0.006369426751592357
C++,1,0.0031847133757961785
PHP,1,0.0031847133757961785
Perl,1,0.0031847133757961785
