language,cnt,freq
DB,52,0.36363636363636365
Python,39,0.2727272727272727
JavaScript,10,0.06993006993006994
Bash / Shell,8,0.055944055944055944
1C,6,0.04195804195804196
Java,6,0.04195804195804196
TypeScript,4,0.027972027972027972
Інша,4,0.027972027972027972
C,3,0.02097902097902098
C#,3,0.02097902097902098
