language,si
Kotlin,0.9050279329608939
Swift,0.903448275862069
C#,0.8838235294117647
TypeScript,0.8526398739164697
Go,0.8504672897196262
Dart,0.8409090909090909
Ruby,0.8375
Python,0.7837259100642399
C++,0.780952380952381
Java,0.737012987012987
Apex,0.6666666666666666
PHP,0.6467391304347826
JavaScript,0.6067746686303387
C,0.6
1C,0.5185185185185185
DB,0.33663366336633666
Bash / Shell,0.0
PowerShell,0.0
Інша,0.0
