language,freq2022,freq2023,freq2024,freq2025
Backend,0.41738747984166547,0.4440817728912558,0.4098159509202454,0.37980295566502464
Frontend,0.23867468113179885,0.24050850369352345,0.22924335378323107,0.23842364532019705
Full Stack,0.23867468113179885,0.20683731317643017,0.21595092024539878,0.23078817733990148
Mobile,0.09749303621169916,0.10857241023879059,0.0967280163599182,0.10541871921182266
Desktop,0.0,0.0,0.026584867075664622,0.02413793103448276
Embedded,0.007770121683037678,0.0,0.021676891615541923,0.02142857142857143
