language,cnt,freq
FastAPI,134,0.3109048723897912
Django,104,0.24129930394431554
Flask,66,0.1531322505800464
Aiohttp,21,0.048723897911832945
React,16,0.037122969837587005
Node.js,8,0.018561484918793503
Vue.js,7,0.016241299303944315
Nest.js,5,0.01160092807424594
Apache Spark,5,0.01160092807424594
Other,4,0.009280742459396751
