language,cnt,freq
Node.js,79,0.30739299610894943
Nest.js,77,0.29961089494163423
Express,47,0.1828793774319066
Next.js,13,0.05058365758754864
React,11,0.042801556420233464
Vue.js,8,0.0311284046692607
Angular / Angular.js,3,0.011673151750972763
Fastify,2,0.007782101167315175
Other,2,0.007782101167315175
Laravel,1,0.0038910505836575876
