language,cnt,freq
Node.js,49,0.3310810810810811
Express,33,0.22297297297297297
Nest.js,27,0.18243243243243243
React,9,0.060810810810810814
Vue.js,7,0.0472972972972973
Laravel,4,0.02702702702702703
jQuery,3,0.02027027027027027
Next.js,3,0.02027027027027027
.NET,2,0.013513513513513514
FastAPI,2,0.013513513513513514
