language,cnt,freq
Go,13,0.1780821917808219
Python,13,0.1780821917808219
Rust,12,0.1643835616438356
