language,cnt,freq
Python,91,0.32269503546099293
TypeScript,57,0.20212765957446807
JavaScript,43,0.1524822695035461
Java,27,0.09574468085106383
Go,22,0.07801418439716312
Rust,11,0.03900709219858156
