language,cnt,freq
Go,64,0.6530612244897959
Rust,12,0.12244897959183673
