language,cnt,freq
C++,50,0.32679738562091504
C,44,0.2875816993464052
Rust,16,0.10457516339869281
Python,16,0.10457516339869281
Assembler,6,0.0392156862745098
Go,6,0.0392156862745098
C#,3,0.0196078431372549
Java,2,0.013071895424836602
JavaScript,2,0.013071895424836602
Lua,1,0.006535947712418301
