language,cnt,freq
Go,145,0.40166204986149584
Python,126,0.3490304709141274
JavaScript,14,0.038781163434903045
Java,13,0.036011080332409975
TypeScript,10,0.027700831024930747
Rust,10,0.027700831024930747
DB,8,0.0221606648199446
