language,cnt,freq
TypeScript,659,0.5327405012126112
JavaScript,278,0.22473726758286175
Python,84,0.06790622473726758
Go,48,0.038803556992724336
C#,30,0.024252223120452707
Java,23,0.018593371059013743
Rust,21,0.016976556184316895
DB,17,0.0137429264349232
Dart,13,0.010509296685529508
PHP,12,0.009700889248181084
