language,cnt,freq
Python,257,0.26224489795918365
TypeScript,244,0.24897959183673468
JavaScript,162,0.1653061224489796
Java,150,0.15306122448979592
C#,49,0.05
Go,25,0.025510204081632654
Kotlin,20,0.02040816326530612
DB,14,0.014285714285714285
C++,14,0.014285714285714285
Rust,11,0.011224489795918367
Swift,8,0.00816326530612245
Ruby,8,0.00816326530612245
Dart,4,0.004081632653061225
C,3,0.003061224489795918
Groovy,2,0.0020408163265306124
