language,cnt,freq
C#,41,0.2342857142857143
C++,40,0.22857142857142856
Python,17,0.09714285714285714
Rust,15,0.08571428571428572
Swift,11,0.06285714285714286
JavaScript,9,0.05142857142857143
Go,8,0.045714285714285714
Java,8,0.045714285714285714
DB,6,0.03428571428571429
C,4,0.022857142857142857
