language,cnt,freq
Python,241,0.7774193548387097
DB,44,0.14193548387096774
Scala,9,0.02903225806451613
Java,5,0.016129032258064516
C#,2,0.0064516129032258064
C++,2,0.0064516129032258064
R,2,0.0064516129032258064
"DAX, M",1,0.0032258064516129032
Dax,1,0.0032258064516129032
Go,1,0.0032258064516129032
JavaScript,1,0.0032258064516129032
TypeScript,1,0.0032258064516129032
