language,cnt,freq
Python,283,0.7526595744680851
Go,20,0.05319148936170213
Groovy,18,0.047872340425531915
