language,cnt,freq
Java,223,0.22848360655737704
Python,208,0.21311475409836064
TypeScript,184,0.1885245901639344
JavaScript,166,0.17008196721311475
C#,90,0.09221311475409837
DB,32,0.03278688524590164
PHP,15,0.015368852459016393
Ruby,14,0.014344262295081968
Kotlin,12,0.012295081967213115
Groovy,10,0.010245901639344262
