language,cnt,freq
TypeScript,249,0.23646723646723647
C#,231,0.21937321937321938
JavaScript,201,0.1908831908831909
PHP,133,0.12630579297245964
Java,66,0.06267806267806268
Python,46,0.04368471035137702
Ruby,33,0.03133903133903134
1C,31,0.029439696106362774
Apex,19,0.018043684710351376
C++,10,0.00949667616334283
