language,cnt,freq
Java,532,0.2656015976035946
C#,346,0.1727408886669995
PHP,319,0.15926110833749377
Python,266,0.1328007988017973
TypeScript,131,0.0654018971542686
Go,113,0.056415376934598103
JavaScript,79,0.03944083874188717
Ruby,56,0.027958062905641536
C++,42,0.020968547179231155
Kotlin,31,0.01547678482276585
Scala,24,0.011982026959560658
DB,11,0.0054917623564653024
Rust,10,0.004992511233150275
