language,cnt,freq
C,61,0.580952380952381
C++,35,0.3333333333333333
Python,4,0.0380952380952381
Rust,2,0.01904761904761905
Go,1,0.009523809523809525
LAD,1,0.009523809523809525
Pascal/Delphi,1,0.009523809523809525
