language,cnt,freq
C++,56,0.4307692307692308
C#,38,0.2923076923076923
1C,9,0.06923076923076923
Swift,7,0.05384615384615385
Java,6,0.046153846153846156
Pascal/Delphi,5,0.038461538461538464
Python,2,0.015384615384615385
Rust,2,0.015384615384615385
C,1,0.007692307692307693
DB,1,0.007692307692307693
Flex / Flash / AIR,1,0.007692307692307693
Go,1,0.007692307692307693
Haskell,1,0.007692307692307693
