language,freq2021,freq2022,freq2023,freq2024
C,0.6274509803921569,0.5769230769230769,0.0,0.580952380952381
C++,0.35294117647058826,0.38461538461538464,0.0,0.3333333333333333
Python,0.0,0.038461538461538464,0.0,0.0380952380952381
Rust,0.0,0.0,0.0,0.01904761904761905
Go,0.0,0.0,0.0,0.009523809523809525
LAD,0.0,0.0,0.0,0.009523809523809525
Pascal/Delphi,0.0,0.0,0.0,0.009523809523809525
Java,0.0196078431372549,0.0,0.0,0.0
