language,cnt,freq
DB,123,0.5442477876106194
Python,83,0.3672566371681416
JavaScript,6,0.02654867256637168
Groovy,2,0.008849557522123894
R,2,0.008849557522123894
SAS,2,0.008849557522123894
ABAP,1,0.004424778761061947
C#,1,0.004424778761061947
DAX,1,0.004424778761061947
Java,1,0.004424778761061947
KQL,1,0.004424778761061947
"M,DAX,SQL",1,0.004424778761061947
Scala,1,0.004424778761061947
TypeScript,1,0.004424778761061947
