language,cnt,freq
Python,283,0.7467018469656992
Go,20,0.052770448548812667
Groovy,18,0.047493403693931395
Bash,10,0.026385224274406333
JavaScript,9,0.023746701846965697
TypeScript,8,0.021108179419525065
Java,5,0.013192612137203167
