language,si
Rust,0.8823529411764706
Kotlin,0.8733624454148472
Go,0.8431372549019608
TypeScript,0.8184121621621622
Swift,0.8079470198675497
C#,0.8062575210589651
Dart,0.7901234567901234
C++,0.7236180904522613
Python,0.6985294117647058
Java,0.6724351050679852
C,0.647887323943662
PHP,0.610752688172043
Ruby,0.5789473684210527
JavaScript,0.51165371809101
Apex,0.42105263157894735
Scala,0.40540540540540543
1C,0.3902439024390244
DB,0.27391304347826084
Groovy,0.13793103448275862
