language,cnt,freq
Backend,2004,0.40525783619817995
Frontend,1121,0.22669362992922143
Full Stack,1056,0.2135490394337715
Other,658,0.13306370070778564
Embedded,106,0.021435793731041455
