language,cnt,freq
Backend,2004,0.40525783619817995
Frontend,1121,0.22669362992922143
Full Stack,1056,0.2135490394337715
Mobile,473,0.09565217391304348
Desktop,130,0.0262891809908999
Embedded,106,0.021435793731041455
Other,55,0.011122345803842264
