language,freq2021,freq2022
C++,0.2653061224489796,0.3541666666666667
C,0.40816326530612246,0.3125
Rust,0.16326530612244897,0.16666666666666666
Python,0.12244897959183673,0.10416666666666667
Go,0.04081632653061224,0.020833333333333332
C#,0.0,0.020833333333333332
Java,0.0,0.020833333333333332
