"","Pascal/Delphi","JavaScript","C++","Basic","Java","C","PHP","C#","Python","Assembler"
"2015-01",0.386133516389223,0.0310622962073108,0.0779131628625365,0.24352153766947,0.0466792517590527,0.0617813626222756,0.0485670156169556,0.0338081345460786,0.0209370173331045,0
"2016-01",0.377871924393026,0.0391070555646081,0.0969529085872576,0.194068763239368,0.0708815382108522,0.0519797946879583,0.045787844223562,0.0378034870457878,0.0288414534788985,0
"2017-01",0.358653965111963,0.0472596808115799,0.0992205864159347,0.18520351354695,0.0752195966843994,0.0565384139552146,0.0475071136954101,0.0400841271805023,0.0305579611530372,0
"2018-01",0.34869325997249,0.0587345254470426,0.10646492434663,0.173314993122421,0.0716643741403026,0.0570839064649243,0.0492434662998624,0.0387895460797799,0.0349381017881706,0
"2019-01",0.321074653160097,0.070138735961242,0.124421933494825,0.136864126844307,0.0866549218233869,0.0710195992072231,0.04976877339793,0.0475666152829773,0.0441532702048007,0
"2020-01",0.292703150912106,0.0815713101160862,0.139199834162521,0.122201492537313,0.0895522388059701,0.0745232172470978,0.05068407960199,0.0461235489220564,0.0562810945273632,0
"2021-01",0.287538591074937,0.0993544765646927,0.126298063429694,0.131209654785293,0.0833567218635981,0.0756385068762279,0.0522031995509402,0.0443446533819815,0.0536065113668257,0
"2022-01",0.278384407655278,0.124222143947399,0.121286838088529,0.113420218386756,0.0845368087354702,0.0789010214864389,0.0564752847246683,0.0541270400375719,0.0463778325701538,0.00704473406128919
