"","Go","Python","TypeScript","JavaScript","Rust","Dart","Kotlin","Swift","Java","C#","Scala","C++","Clojure","Ruby","Elixir","Haskell","PHP","C","R","Groovy"
"2018-01",0.131983648043605,0.160015573291805,0.0624878333657777,0.136460969437415,0.0408798909869574,0.00058399844267082,0.0751411329569788,0.0539225228732723,0.0811757835312439,0.0399065602491727,0.0480825384465641,0.0354292388553631,0.0153786256569982,0.0175199532801246,0.00525598598403738,0.00759197975472065,0.0157679579521121,0.0058399844267082,0.0210239439361495,0.00155732918045552
"2019-01",0.13495145631068,0.192233009708738,0.0644012944983819,0.138996763754045,0.0444983818770227,0.0315533980582524,0.0587378640776699,0.0339805825242718,0.0784789644012945,0.0461165048543689,0.0310679611650485,0.037378640776699,0.00614886731391586,0.0140776699029126,0.00485436893203883,0.0194174757281553,0.0197411003236246,0.00614886731391586,0.00323624595469256,0.000970873786407767
"2020-01",0.108026649746193,0.205742385786802,0.0747144670050761,0.13118654822335,0.0482233502538071,0.0417195431472081,0.0564720812182741,0.0358502538071066,0.0785215736040609,0.047747461928934,0.0222081218274112,0.0361675126903553,0.0050761421319797,0.0161802030456853,0.00364847715736041,0.0256979695431472,0.0228426395939086,0.00618654822335025,0.00301395939086294,0.000793147208121827
"2021-01",0.125094577553594,0.178814627994956,0.0902900378310214,0.138713745271122,0.0693568726355612,0.0413619167717528,0.059016393442623,0.0441361916771753,0.0567465321563682,0.0453972257250946,0.0310214375788146,0.026733921815889,0.00781841109709962,0.0085750315258512,0.00403530895334174,0.00655737704918033,0.0133669609079445,0.00983606557377049,0.00655737704918033,0.00353089533417402
"2022-01",0.221351616062684,0.15605615409729,0.0999020568070519,0.088801828272935,0.088801828272935,0.0558276199804114,0.0430950048971596,0.039503754489063,0.039177277179236,0.039177277179236,0.0339536402220046,0.0257917074763304,0.010120796604636,0.00914136467515508,0.00914136467515508,0.00881488736532811,0.00816193274567418,0.00652954619653934,0.00457068233757754,0.0039177277179236
