"","Python","Go","Groovy","C#","TypeScript","JavaScript"
"2021-01",1,0,0,0,0,0
"2022-01",0.760869565217391,0.072463768115942,0.072463768115942,0.0434782608695652,0.0289855072463768,0.0217391304347826
