"","JavaScript","TypeScript","C#"
"2021-01",0.715215622457282,0.272579332790887,0.0122050447518308
"2022-01",0.657846153846154,0.332307692307692,0.00984615384615385
