"","Python","Scala","Java","C++","C#"
"2021-01",0.777777777777778,0.122605363984674,0.053639846743295,0.0268199233716475,0.0191570881226054
"2022-01",0.864705882352941,0.0529411764705882,0.0411764705882353,0.0264705882352941,0.0147058823529412
