"","JavaScript","TypeScript","C#","C++","PHP"
"2021-01",0.707160096540628,0.269509251810137,0.0120675784392599,0,0.0112630732099759
"2022-01",0.651432053625838,0.329067641681901,0.00975015234613041,0.0048750761730652,0.0048750761730652
