"","Swift","Kotlin","Dart","C#","Java","TypeScript","JavaScript","Objective-C","C++"
"2021-01",0.351351351351351,0.268468468468468,0.0900900900900901,0.0810810810810811,0.0666666666666667,0.0342342342342342,0.0846846846846847,0,0.0234234234234234
"2022-01",0.348370927318296,0.31328320802005,0.0977443609022556,0.0864661654135338,0.0488721804511278,0.0401002506265664,0.037593984962406,0.0175438596491228,0.0100250626566416
