"","C#","JavaScript","PHP","TypeScript","Java","Python","Ruby","C++","1ะก","Salesforce Apex","Go"
"2021-01",0,1,0,0,0,0,0,0,0,0,0
"2022-01",0.280501089324619,0.212418300653595,0.152505446623094,0.104030501089325,0.0838779956427015,0.0462962962962963,0.0294117647058824,0.0277777777777778,0.0261437908496732,0.0250544662309368,0.0119825708061002
