"","Java","PHP","C#","Python","Go","Ruby","TypeScript","JavaScript","C++","Scala","Kotlin","C","Rust"
"2021-01",0.23997641509434,0.188384433962264,0.20813679245283,0.125884433962264,0.0356721698113208,0.0548349056603774,0.0256485849056604,0.0574882075471698,0.0179834905660377,0.0232900943396226,0.00648584905660377,0.000884433962264151,0.00147405660377359
"2022-01",0.293596931248156,0.178813809383299,0.177633520212452,0.130717025671289,0.0439657716140454,0.037179108881676,0.0333431690764237,0.0303924461493066,0.026851578636766,0.0174092652699911,0.00914724107406314,0.00324579521982886,0.00265565063440543
