"","C#","JavaScript","PHP","TypeScript","Java","Python","Ruby","C++","1ะก","Salesforce Apex","Go","C","Groovy","Clojure","ABAP","Pascal/Delphi","Kotlin","Dart","Elixir","Swift","Scala"
"2022-01",0.273499734466277,0.207116303770579,0.148698884758364,0.101433882103027,0.0817843866171004,0.0451407328730749,0.0286776420605417,0.0270844397238449,0.0254912373871482,0.024429102496017,0.0116834838024429,0.00424853956452469,0.00318640467339352,0.00265533722782793,0.00265533722782793,0.00265533722782793,0.00212426978226235,0.00212426978226235,0.00212426978226235,0.00159320233669676,0.00159320233669676
