"","JavaScript","Python","Shell","TypeScript","Java","T-SQL","PHP","C++","C#","PL-SQL","C","Go","Kotlin","Objective-C","Ruby","Swift","Pascal/Delphi","Scala","R","Groovy"
"2017-01",0.286952367954142,0.0798416814521632,0.0912378872662754,0.0059369455438788,0.0770438105636686,0.0654428824894227,0.0581411218779855,0.0464719530503617,0.0507711205131705,0.0397843592193258,0.0322778763477549,0.0160365770438106,0.00334379691551795,0.0193121332059506,0.0190391701924389,0.0161048177971885,0.00743824211819299,0.0141258359492289,0.00832537191210591,0.00743824211819299
"2018-01",0.25820991629105,0.0839951348644201,0.0925091221292123,0.0656077842169278,0.0676110753380554,0.0558059669456965,0.0500822780281892,0.0404950990913644,0.0398511840881448,0.0639622236531445,0.0253273234599699,0.0209630106603706,0.0173857050869285,0.0203906417686199,0.0164556056378336,0.0115189239464835,0.00629605780925807,0.0128067539529227,0.00894326393360521,0.00679688058953996
"2019-01",0.268507207427315,0.0920473979965795,0.0886880039091131,0.0809919374541901,0.0709137551917909,0.0548497434644515,0.0507573906669924,0.0464817981920352,0.0434888834595651,0.0299291473247007,0.0288297092597117,0.0232103591497679,0.0184461275348155,0.0174688492548253,0.0117884192523821,0.0107500610798925,0.00971170290740288,0.00928414365990716,0.00824578548741754,0.00629122892743709
