"","Pascal/Delphi","C++","C","Java","JavaScript","Python","Basic","C#","PHP","ASM"
"2014-01",0.424410540915395,0.119278779472954,0.0596393897364771,0.104022191400832,0.0346740638002774,0.0249653259361997,0.124826629680999,0.0485436893203883,0.0416088765603329,0
"2015-01",0.368090452261307,0.114321608040201,0.0590452261306533,0.130653266331658,0.0540201005025126,0.0464824120603015,0.108040201005025,0.0464824120603015,0.0351758793969849,0.00753768844221105
"2016-01",0.322255790533736,0.13091641490433,0.05337361530715,0.137965760322256,0.0825780463242699,0.0644511581067472,0.1067472306143,0.05337361530715,0.0261832829808661,0
"2017-01",0.31814787154593,0.124719940253921,0.0597460791635549,0.135175504107543,0.0896191187453323,0.0649738610903659,0.0851381628080657,0.0552651232262883,0.0365944734876774,0.00373412994772218
"2018-01",0.284042553191489,0.162765957446809,0.0712765957446809,0.123404255319149,0.0893617021276596,0.0670212765957447,0.0840425531914894,0.0468085106382979,0.0329787234042553,0
"2019-01",0.27012987012987,0.246753246753247,0.0987012987012987,0.0805194805194805,0.0753246753246753,0.0727272727272727,0.0623376623376623,0.0623376623376623,0.0233766233766234,0.00779220779220779
