"","Python","JavaScript","Go","Java","TypeScript","Kotlin","C#","Rust","C++","Swift","Dart","Scala","PHP","Haskell","Ruby","F#","Julia","Clojure","C","Elixir"
"2017-01",0.142283105022831,0.182100456621005,0.104657534246575,0.119817351598174,0.0105936073059361,0.011689497716895,0.0502283105022831,0.0248401826484018,0.0336073059360731,0.0712328767123288,0.00712328767123288,0.074703196347032,0.0261187214611872,0.0328767123287671,0.0319634703196347,0.00493150684931507,0.0045662100456621,0.0147945205479452,0.0091324200913242,0.00584474885844749
"2018-01",0.159364094610314,0.135905389685925,0.131446297014347,0.0808452888716557,0.0622334238076774,0.074835207444746,0.0397440868553703,0.0407134548274525,0.0352849941837922,0.053702985653354,0.000581620783249321,0.0478867778208608,0.0157037611477317,0.00756107018224118,0.0174486234974796,0.00542846064366033,0.00426521907716169,0.0153160139588988,0.00581620783249321,0.00523458704924389
"2019-01",0.192233009708738,0.138996763754045,0.13495145631068,0.0784789644012945,0.0644012944983819,0.0587378640776699,0.0461165048543689,0.0444983818770227,0.037378640776699,0.0339805825242718,0.0315533980582524,0.0310679611650485,0.0197411003236246,0.0194174757281553,0.0140776699029126,0.00954692556634304,0.00647249190938511,0.00614886731391586,0.00614886731391586,0.00485436893203883
