"","Java","JavaScript","C#","Python","PHP","C++","TypeScript","Go","Kotlin","Swift","Ruby","Scala","Rust","C","Pascal/Delphi","1C"
"2013-01",0.243171806167401,0.0572687224669604,0.2143906020558,0.103083700440529,0.0972099853157122,0.0751835535976505,0,0.000881057268722467,0,0,0.0555066079295154,0.0317180616740088,0,0.0105726872246696,0.00704845814977974,0.00881057268722467
"2014-01",0.246843853820598,0.0749169435215947,0.190033222591362,0.0993355481727575,0.0960132890365449,0.0757475083056478,0,0.00299003322259136,0,0,0.0528239202657807,0.0383720930232558,0,0.00980066445182724,0.00780730897009967,0.00465116279069767
"2015-01",0.218551236749117,0.113427561837456,0.167491166077739,0.109010600706714,0.0902826855123675,0.0609540636042403,0.000706713780918728,0.0148409893992933,0.00141342756183746,0.0210247349823322,0.0591872791519435,0.0424028268551237,0.00530035335689046,0.00865724381625442,0.0049469964664311,0.00247349823321555
"2016-01",0.263312164142648,0.141996417521576,0.154046572219508,0.105194593714379,0.08679368181078,0.0512945774303859,0.00162839928350432,0.0198664712587526,0.00162839928350432,0.0322423058133854,0.0451066601530695,0.0341963849535906,0.00293111871030777,0.0056993974922651,0.0026054388536069,0.0030939586386582
"2017-01",0.233476923076923,0.149538461538462,0.155815384615385,0.106584615384615,0.0926769230769231,0.0497230769230769,0.00430769230769231,0.0315076923076923,0.008,0.0429538461538462,0.0336,0.0323692307692308,0.00344615384615385,0.00553846153846154,0.00467692307692308,0.00381538461538462
"2018-01",0.184337173691119,0.144232171503573,0.138836225754703,0.120460842934228,0.0885226775557824,0.0453551115648243,0.0371882747557241,0.0549803120898352,0.039084147586408,0.0500218754557387,0.025375528656847,0.0274172378591221,0.00554178212046084,0.00568761849205192,0.00204170920227505,0.00204170920227505
"2019-01",0.163884007029877,0.150043936731107,0.141366432337434,0.133018453427065,0.0790861159929701,0.0559094903339192,0.0517355008787346,0.0515158172231986,0.0442662565905097,0.0360281195079086,0.023286467486819,0.0218585237258348,0.0093365553602812,0.00681019332161687,0.00373462214411248,0.00318541300527241
