language,cnt,freq
TypeScript,528,0.2604834731129748
C#,304,0.14997533300444005
JavaScript,291,0.14356191415885544
DB,156,0.07696102614701529
Python,150,0.0740009866798224
Go,122,0.06018746916625555
PHP,116,0.05722742969906265
Java,95,0.04686729156388752
Rust,44,0.021706956092747903
Ruby,40,0.01973359644795264
C++,38,0.018746916625555006
Kotlin,35,0.01726689689195856
Apex,28,0.013813517513566848
Dart,23,0.011346817957572768
Swift,17,0.008386778490379871
Elixir,7,0.003453379378391712
