language,cnt,freq
TypeScript,966,0.4981949458483754
JavaScript,487,0.25116039195461576
Python,111,0.05724600309437854
Go,74,0.038164002062919034
C#,57,0.029396596183599792
Rust,39,0.020113460546673543
Java,35,0.018050541516245487
DB,25,0.012893243940175348
Dart,25,0.012893243940175348
Swift,21,0.010830324909747292
