language,cnt,freq
C++,86,0.22872340425531915
Python,47,0.125
C,38,0.10106382978723404
Rust,34,0.09042553191489362
TypeScript,29,0.07712765957446809
Go,29,0.07712765957446809
C#,24,0.06382978723404255
Java,18,0.047872340425531915
DB,16,0.0425531914893617
JavaScript,15,0.0398936170212766
