language,freq2021,freq2022,freq2023
TypeScript,0.32608695652173914,0.40272614622057,0.48704663212435234
JavaScript,0.6455314009661836,0.5687732342007435,0.47816432272390824
