language,freq2021,freq2022,freq2023
TypeScript,0.32608695652173914,0.40272614622057,0.48704663212435234
JavaScript,0.6455314009661836,0.5687732342007435,0.47816432272390824
C#,0.00966183574879227,0.007434944237918215,0.008142116950407105
Swift,0.0006038647342995169,0.0037174721189591076,0.0051813471502590676
Dart,0.0024154589371980675,0.0055762081784386614,0.0044411547002220575
