language,freq2021,freq2022,freq2023
JavaScript,0.6455314009661836,0.5687732342007435,0.48206599713055953
TypeScript,0.32608695652173914,0.40272614622057,0.47919655667144906
C#,0.00966183574879227,0.007434944237918215,0.00860832137733142
PHP,0.004830917874396135,0.0024783147459727386,0.005021520803443328
Swift,0.0006038647342995169,0.0037174721189591076,0.005021520803443328
