language,freq2021,freq2022,freq2023
Python,0.7342657342657343,0.732,0.3076923076923077
C++,0.006993006993006993,0.024,0.23076923076923078
Go,0.06993006993006994,0.044,0.15384615384615385
Java,0.013986013986013986,0.016,0.15384615384615385
Groovy,0.06993006993006994,0.048,0.07692307692307693
TypeScript,0.027972027972027972,0.02,0.07692307692307693
C#,0.04195804195804196,0.024,0.0
DB,0.013986013986013986,0.02,0.0
JavaScript,0.02097902097902098,0.016,0.0
Ruby,0.0,0.016,0.0
