language,cnt,freq
Web,4691,0.605915784035133
Desktop,829,0.10707827434771378
Mobile cross-platform,662,0.08550762076982692
Mobile Android,575,0.07427021441487988
Mobile iOS,484,0.06251614569878584
Інша,253,0.03267889434254714
Microcontrollers / Embedded / IoT,194,0.025058124515629037
Mobile other,54,0.006974941875484371
