language,si
Rust,0.9459459459459459
Swift,0.9333333333333333
Go,0.9212121212121213
Kotlin,0.9163636363636364
Dart,0.9010989010989011
C#,0.8928571428571429
TypeScript,0.8794266441821248
C++,0.852
Python,0.8069029850746269
Java,0.7911646586345381
Apex,0.75
Ruby,0.7114093959731543
PHP,0.7105751391465677
C,0.625
Scala,0.6153846153846154
JavaScript,0.6119791666666666
DB,0.4527363184079602
1C,0.325
Groovy,0.14285714285714285
