language,si
Go,0.9534883720930233
Rust,0.9444444444444444
Swift,0.935672514619883
Kotlin,0.9341085271317829
C#,0.9197247706422018
Dart,0.898876404494382
Elixir,0.8888888888888888
TypeScript,0.8869731800766284
Python,0.8703170028818443
C++,0.8619246861924686
Java,0.8262068965517242
Ruby,0.7593984962406015
Apex,0.7368421052631579
PHP,0.7238658777120316
Scala,0.6666666666666666
ABAP,0.625
C,0.6086956521739131
JavaScript,0.6026785714285714
DB,0.43478260869565216
1C,0.3142857142857143
