"","JavaScript","Python","TypeScript","Unix Shell","Java","T-SQL","C++","PHP","C#","C","PL-SQL","Go","Kotlin","Objective-C","Ruby","Swift","R","Scala","Groovy","Rust"
"2017-01",0.286600327153762,0.0797437295528899,0.00592966194111232,0,0.0769492911668484,0.0653625954198473,0.0464149400218102,0.0580697928026172,0.0507088331515812,0.0322382769901854,0.0397355507088332,0.0160169029443839,0.00333969465648855,0.0192884405670665,0.019015812431843,0.0160850599781898,0.00831515812431843,0.014108505997819,0.00742911668484188,0.00163576881134133
"2018-01",0.25820991629105,0.0839951348644201,0.0656077842169278,0,0.0676110753380554,0.0558059669456965,0.0404950990913644,0.0500822780281892,0.0398511840881448,0.0253273234599699,0.0639622236531445,0.0209630106603706,0.0173857050869285,0.0203906417686199,0.0164556056378336,0.0115189239464835,0.00894326393360521,0.0128067539529227,0.00679688058953996,0.00293339057022251
"2019-01",0.268507207427315,0.0920473979965795,0.0809919374541901,0,0.0709137551917909,0.0548497434644515,0.0464817981920352,0.0507573906669924,0.0434888834595651,0.0288297092597117,0.0299291473247007,0.0232103591497679,0.0184461275348155,0.0174688492548253,0.0117884192523821,0.0107500610798925,0.00824578548741754,0.00928414365990716,0.00629122892743709,0.00403127290495969
"2020-01",0.263188506950503,0.104810097132554,0.0966090850927703,0.0858488919909265,0.0693887047054034,0.0515326004769383,0.0494387250625254,0.0468213807945094,0.0453091374396557,0.0283836445064852,0.0277438492409702,0.0227999767347176,0.0189612051416274,0.0173907985808178,0.0118652940150061,0.0109346827197115,0.00878264409934276,0.00837550165765137,0.00482754609434072,0.00418775082882568
