"","Pascal/Delphi","C++","Python","Java","C","JavaScript","C#","Basic","Swift","PHP"
"2015-01",0.368090452261307,0.114321608040201,0.0464824120603015,0.130653266331658,0.0590452261306533,0.0540201005025126,0.0464824120603015,0.108040201005025,0,0.0351758793969849
"2016-01",0.322255790533736,0.13091641490433,0.0644511581067472,0.137965760322256,0.05337361530715,0.0825780463242699,0.05337361530715,0.1067472306143,0,0.0261832829808661
"2017-01",0.31814787154593,0.124719940253921,0.0649738610903659,0.135175504107543,0.0597460791635549,0.0896191187453323,0.0552651232262883,0.0851381628080657,0.00746825989544436,0.0365944734876774
"2018-01",0.284042553191489,0.162765957446809,0.0670212765957447,0.123404255319149,0.0712765957446809,0.0893617021276596,0.0468085106382979,0.0840425531914894,0.0148936170212766,0.0329787234042553
"2019-01",0.27012987012987,0.246753246753247,0.0727272727272727,0.0805194805194805,0.0987012987012987,0.0753246753246753,0.0623376623376623,0.0623376623376623,0,0.0233766233766234
"2020-01",0.24,0.208888888888889,0.115555555555556,0.111111111111111,0.1,0.0977777777777778,0.0555555555555556,0.0511111111111111,0.0111111111111111,0.00888888888888889
