"","Python","C#","JavaScript","Java","TypeScript","PHP","C++","Kotlin","Go","Swift","Ruby","Scala","Rust","1C","C","Dart"
"2013-01",0.103083700440529,0.2143906020558,0.0572687224669604,0.243171806167401,0,0.0972099853157122,0.0751835535976505,0,0.000881057268722467,0,0.0555066079295154,0.0317180616740088,0,0.00881057268722467,0.0105726872246696,0
"2014-01",0.0993355481727575,0.190033222591362,0.0749169435215947,0.246843853820598,0,0.0960132890365449,0.0757475083056478,0,0.00299003322259136,0,0.0528239202657807,0.0383720930232558,0,0.00465116279069767,0.00980066445182724,0
"2015-01",0.109010600706714,0.167491166077739,0.113427561837456,0.218551236749117,0.000706713780918728,0.0902826855123675,0.0609540636042403,0.00141342756183746,0.0148409893992933,0.0210247349823322,0.0591872791519435,0.0424028268551237,0.00530035335689046,0.00247349823321555,0.00865724381625442,0
"2016-01",0.105194593714379,0.154046572219508,0.141996417521576,0.263312164142648,0.00162839928350432,0.08679368181078,0.0512945774303859,0.00162839928350432,0.0198664712587526,0.0322423058133854,0.0451066601530695,0.0341963849535906,0.00293111871030777,0.0030939586386582,0.0056993974922651,0
"2017-01",0.106584615384615,0.155815384615385,0.149538461538462,0.233476923076923,0.00430769230769231,0.0926769230769231,0.0497230769230769,0.008,0.0315076923076923,0.0429538461538462,0.0336,0.0323692307692308,0.00344615384615385,0.00381538461538462,0.00553846153846154,0
"2018-01",0.120460842934228,0.138836225754703,0.144232171503573,0.184337173691119,0.0371882747557241,0.0885226775557824,0.0453551115648243,0.039084147586408,0.0549803120898352,0.0500218754557387,0.025375528656847,0.0274172378591221,0.00554178212046084,0.00204170920227505,0.00568761849205192,0
"2019-01",0.132887084384945,0.141226818830243,0.149895753319434,0.163722155162954,0.0516844068912543,0.0790080105344014,0.0558542741139032,0.0442225392296719,0.0514649401953254,0.0359925381323384,0.0232634697684626,0.0218369362449248,0.00932733457697794,0.00318226709096895,0.00680346757379568,0.00274333369911116
"2020-01",0.162673001445982,0.141706259037389,0.140983267919851,0.138917579012601,0.0791158851476968,0.0734352406527577,0.0498863871101012,0.0461681470770502,0.0436893203883495,0.0313984713902086,0.0200371824003305,0.0155959512497418,0.0104317289816154,0.00826275562900227,0.0069200578392894,0.00609378227638918
